Filename;Instrument;Professeur;Nom compositeur;Titre de l'œuvre;Langue;Status
2022_07_27_02_1;Flute;Julien Beaudiment;Georg Philipp Telemann;12 Fantasias for Flute, Fantasia in e for solo flute No°8;EN;A post-produire (Olivier)
2022_07_28_05_1;Piano;Valentina Igoshina;Robert Schumann;1er mvt sonate N°2 op 22;FR;A post-produire (Olivier)
2023_02_10_03_01;Piano;Hugh TINNEY;Franz SCHUBERT;3 Klavierstücke, D.946;Anglais;
2023_02_10_03_02;Piano;Hugh TINNEY;Franz SCHUBERT;3 Klavierstücke, D.946;Anglais;
2022_02_14_01_1;Hautbois;Alexei Ogrintchouk;Robert Schumann;3 Romanzen, Op.94;EN;Online
2022_10_24_02_1;Piano;Dmitri Alexeev;Aleksandr Scriabin;5 Preludes;EN;A post-produire (Olivier)
2022_08_05_03_1;Piano;Isabelle Duha;Robert Schumann;6 Gedichte, Op.36 N°5 - N°6 - N°3;FR;A post-produire (Olivier)
2021_10_26_04_1;Violoncelle;Marc Coppey;Ludwig van Beethoven;7 Variations on 'Bei Männern welche Liebe fühlen';EN;Online
2022_10_31_04_1;Alto;Lars Anders Tomter;Robert Schumann;Adagio and Allegro for Horn and Piano;EN;En cours édito (Iris)
2021_02_16_02;Alto;Isabel Charisius;Alessandro Rolla;Adagio e tema con variazioni ;EN;Online
2021_02_12_02;Piano;Jacques Rouvier;Maurice Ravel;Alborada del gracioso;FR;Online
2022_07_27_05_1;Flute;Soyoung Lee;Joachim Andersen;Alla Mazurkas, Op.24;;A post-produire (Olivier)
2022_10_29_03_1;Flute;Davide Formisano;Franz Doppler;Andante and Rondo;EN;En cours édito (Iris)
2020_10_30_5;Piano;Jean-François Heisser;Franz Liszt;Années de pèlerinage Venezia e Napoli;FR;Online
2022_03_31_02_1;Piano;Olivier Gardon;Franz Liszt;Années de pèlerinage, part 1;FR;Online
2022_04_01_03_1;Piano;Olivier Gardon;Franz Liszt;Années de pèlerinage, part 2;FR;Online
2022_02_17_01_1;Violoncelle;Chu Yi-Bing;Franz Schubert;Arpeggione Sonata, 2nd and 3rd movement;EN;Online
2020_10_30_1;Piano;Jean-François Heisser;Frédéric Chopin;Ballade No. 1 in G Minor, Op. 23;FR;Online
2021_02_13_02;Piano;Jacques Rouvier;Frédéric Chopin;Ballade No. 1 in G Minor, Op. 23;EN;Online
2022_02_18_05_1;Piano;Stephen Kovacevich;Frédéric Chopin;Ballade No. 4 in F Minor, Op. 52;EN;Online
2022_10_28_04_2;Piano;Dmitri Alexeev;Frédéric Chopin;Ballade No.2;EN;Online
2022_10_28_02_1;Piano;Dmitri Alexeev;Frédéric Chopin;Ballade No.2;EN;Online
2022_11_01_05_1;Piano;Jean-François Heisser;Frédéric Chopin;Ballade No.4 in F minor;FR;A post-produire (Olivier)
2021_02_09_03;Trombone;Jacques Mauger;Eugène Bozza;Ballade, Op. 62, part 1;FR;Online
2021_02_11_02;Trombone;Jacques Mauger;Eugène Bozza;Ballade, Op. 62, part 2;FR;Online
2022_10_23_01_1;Piano;Nelson Goerner;Frédéric Chopin;Ballade_No.4;EN;En cours édito (Iris)
2022_10_22_06_1;Piano;Nelson Goerner;Frédéric Chopin;Ballade_No.4;EN;Online
2021_04_12_02;Chant;François Le Roux;Francis Poulenc;Banalités;FR;Online
2023_02_06_07_01;Voix;Antoine PALLOC;Francis POULENC;Banalités, FP107;Anglais;
2022_10_24_06_1;Piano;Dmitri Alexeev;Frédéric Chopin;Barcarolle;EN;A post-produire (Olivier)
2022_02_19_01_1;Chant;Maarten Koningsberger,Margreet Honig;;Breathing exercises;EN;Online
2022_11_04_02_1;Alto;Lars Anders Tomter;Henri Vieuxtemps;Capriccio;EN;En cours édito (Iris)
2022_02_22_06_1;Violon;Olivier Charlier;Niccolò Paganini;Caprice n°24;EN;Online
2020_10_28_4;Violon;Boris Garlitsky;Niccolò Paganini;Caprice No. 4;FR;Online
2021_02_17_06;Flute;Silvia Careddu;George Bizet / Ludwig van Beethoven;Carmen Intermezzo / Leonore Overture;EN;Online
2021_02_12_01;Piano;Jacques Rouvier;Robert Schumann;Carnaval;EN;Online
2021_02_12_07;Piano;Jacques Rouvier;Robert Schumann;Carnaval;EN;Online
2022_04_11_05_1;Chant;Jean-Paul Fouchécourt;Jean-Philippe Rameau;Castor et Pollux, Complainte de Télaïre (Tristes apprêts);FR;Online
2022_02_17_03_1;Violoncelle;Chu Yi-Bing;Claude Debussy;Cello and Piano Sonata, CD 144;FR;Online
2023_02_16_05_1;Violoncelle;Peter BRUNS;Antonín DVOŘÁK;Cello Concerto;Anglais;
2023_02_13_01_1;Violoncelle;Peter BRUNS;Antonín DVOŘÁK;Cello Concerto;Anglais;
2016_05_09_01_1;Violoncelle;Gary Hoffman;Robert Schumann;Cello Concerto in A minor, Op. 129, 1st and 2nd movement;EN;Online
2022_02_08_01_1;Violoncelle;Clive Greensmith;Antonín Dvořák;Cello Concerto in B minor, Op. 104, B. 191, 1st movement, part 1;EN;Online
2022_02_08_01_2;Violoncelle;Clive Greensmith;Antonín Dvořák;Cello Concerto in B minor, Op. 104, B. 191, 1st movement, part 2;EN;Online
2022_02_08_01_3;Violoncelle;Clive Greensmith;Antonín Dvořák;Cello Concerto in B minor, Op. 104, B. 191, 2nd movement;EN;Online
2022_02_12_02_1;Violoncelle;Clive Greensmith;Antonín Dvořák;Cello Concerto in B minor, Op. 104, B. 191, Finale;EN;Online
2022_02_15_01_1;Violoncelle;Chu Yi-Bing;Joseph Haydn;Cello Concerto No. 2 in D Major, 1st movement;EN;Online
2023_02_14_05_1;Violoncelle;Peter BRUNS;Joseph HAYDN;Cello Concerto No.2 in D major;Anglais;
2023_02_11_01_01;Violoncelle;Sung-Won YANG;Joseph HAYDN;Cello Concerto No.2 in D major;Anglais;
2023_02_11_02_01;Violoncelle;Sung-Won Yang;Joseph HAYDN;Cello Concerto No.2 in D major;Anglais;Online
2022_02_15_03_1;Violoncelle;Chu Yi-Bing;Edward Elgar;Cello Concerto, 4th movement, Op. 85;EN;Online
2023_02_07_02_01;Violoncelle;Sung-Won Yang;Antonín DVOŘÁK;Cello Concerto, Op. 104;Anglais;Online
2021_02_16_06;Violoncelle;Frans Helmerson;Antonín Dvořák;Cello Concerto, Op. 104, 1st movement;EN;Online
2020_10_3_2;Violoncelle;Marc Coppey;William Walton;Cello Concerto, Op. 68, 1st movement;FR;Online
2021_02_16_07;Violoncelle;Frans Helmerson;Edward Elgar;Cello Concerto, Op. 85, 3rd and 4th movement;EN;Online
2023_02_14_06_1;Violoncelle;Peter BRUNS;Dmitry SCHOSTAKOVICH;Cello Sonata;Anglais;
2021_04_15_05;Violoncelle;Jens Peter Maintz;György Ligeti;Cello Sonata;EN;Online
2022_04_12_02_1;Violoncelle;Alexander Chaushian;Richard Strauss;Cello Sonata in F Major, Op. 6;EN;Online
2021_02_18_05;Violoncelle;Frans Helmerson;Sergueï Rachmaninov;Cello Sonata in G minor, Op. 19, 1st movement;EN;Online
2021_11_03_05_1;Violoncelle;Anne Gastinel;Gabriel Fauré;Cello Sonata No. 1 in D Minor, Op. 109;FR;Online
2021_02_18_06;Violoncelle;Frans Helmerson;Johannes Brahms;Cello Sonata No. 1 in E Minor,  Op. 38, 1st movement;EN;Online
2021_04_15_06;Violoncelle;Jens Peter Maintz;Johannes Brahms;Cello Sonata No. 1 in E Minor,  Op. 38, 1st movement;EN;Online
2020_10_5_3;Violoncelle;Marc Coppey;Johannes Brahms;Cello Sonata No. 1 in E Minor, Op. 38, 1st movement;FR;Online
2021_10_29_05_1;Violoncelle;Marc Coppey;Johannes Brahms;Cello Sonata No. 2 in F major, Op. 99, 1st movement;EN;Online
2021_11_04_05_1;Musique de chambre;Martin Beaver;Johannes Brahms;Cello Sonata No. 2 in F Major, Op. 99, part 1;EN;Online
2021_11_04_05_2;Musique de chambre;Martin Beaver;Johannes Brahms;Cello Sonata No. 2 in F Major, Op. 99, part 2;EN;Online
2020_10_5_5;Violoncelle;Marc Coppey;Johannes Brahms;Cello Sonata No. 2, Op. 99, 1st movement;EN;Online
2020_10_3_1;Violoncelle;Marc Coppey;Ludwig van Beethoven;Cello Sonata No. 3, Op. 69, 1st movement;FR;Online
2022_02_15_02_1;Violoncelle;Chu Yi-Bing;Ludwig van Beethoven;Cello Sonata No. 4 in C Major, Op. 102, 1st movement;EN;Online
2022_07_23_03_2;Violoncelle;Chu Yi-Bing;Ludwig van Beethoven;Cello Sonata No.1, Op.5 No.1;;En cours édito (Iris)
2023_02_08_04_1;Violoncelle;Sung-Won Yang;Felix MENDELSSOHN;Cello Sonata No.2;Anglais;Online
2023_02_13_02_1;Violoncelle;Peter BRUNS;Ludwig van BEETHOVEN;Cello Sonata No.2;Anglais;
2023_02_14_04_1;Violoncelle;Peter BRUNS;Ludwig van BEETHOVEN;Cello Sonata No.4;Anglais;
2022_02_12_01_1;Violoncelle;Clive Greensmith;Frank Bridge;Cello Sonata, H.125, 1st movement;EN;Online
2021_02_18_04;Violoncelle;Frans Helmerson;Zoltán Kodály;Cello Sonata, Op. 18, 1st movement;EN;Online
2021_04_15_07;Violoncelle;Jens Peter Maintz;Dmitri Shostakovich;Cello Sonata, Op. 40, 3rd movement;EN;Online
2020_10_3_3;Violoncelle;Marc Coppey;Zoltán Kodály;Cello Sonata, Op. 8;EN;Online
2021_02_18_02;Alto;Isabel Charisius;Johann Sebastian Bach;Cello Suite No. 2 in D Minor, Prelude;EN;Online
2021_10_29_06_1;Violoncelle;Marc Coppey;Johann Sebastian Bach;Cello Suite No. 5 in C Minor, 1st movement;EN;Online
2023_02_16_04_1;Violoncelle;Peter BRUNS;;Cello Suite No.2 in D minor;Anglais;
2023_02_13_03_1;Alto;Gérard CAUSSÉ;Johann Sebastian BACH;Cello Suite No.3 in C major;Anglais;
2022_04_07_05_2;Alto;Nathan Braude;Johann Sebastian Bach;Cello Suite No.3 in C major, BWV 1009, Allemande & Courante;EN;Online
2023_02_16_06_1;Violoncelle;Peter BRUNS;Johann Sebastian BACH;Cello Suite No.4 in E-flat major;Anglais;
2023_02_15_03_1;Alto;Gérard CAUSSÉ;Johann Sebastian BACH;Cello Suite No.5 in C minor;Anglais;
2023_02_13_04_1;Alto;Gérard CAUSSÉ;Johann Sebastian BACH;Cello Suite No.6 in D major;Anglais;
2023_02_07_03_01;Violoncelle;Sung-Won Yang;Johann Sebastian BACH;Cello Suite No.6 in D major;Anglais;Online
2022_02_07_01_1;Violoncelle;Clive Greensmith;Johann Sebastian Bach;Cello Suite No.6 in D major, BWV 1012, Part 1;EN;Online
2022_02_07_01_2;Violoncelle;Clive Greensmith;Johann Sebastian Bach;Cello Suite No.6 in D major, BWV 1012, Part 2;EN;Online
2022_11_04_06_1;Alto;Lars Anders Tomter;Johann Sebastian Bach;Cello suiteNo.3 in C major BWV 1009;EN;En cours édito (Iris)
2021_02_16_05;Violoncelle;Frans Helmerson;Sergueï Prokofiev;Cello Symphony-Concerto in E Minor, Op. 125, 2nd movement;EN;Online
2022_11_04_04_1;Alto;Lars Anders Tomter;Tomaso Antonio Vitali;Chaconne for Viola and Piano in G minor;EN;En cours édito (Iris)
2021_04_12_01;Chant;François Le Roux;Maurice Ravel;Cinq mélodies populaires grec;FR;Online
2022_08_03_01_1;Clarinette;Patrick Messina;Wolfgang Amadeus Mozart;Clarinet Concerto in A major, K.622. I Allegro;EN;Stand by
2021_04_14_01;Clarinette;Sharon Kam;Johannes Brahms;Clarinet Sonata No. 1;EN;Online
2021_04_14_02;Clarinette;Sharon Kam;Johannes Brahms;Clarinet Sonata No. 2;EN;Online
2023_02_13_05_1;Alto;Gérard CAUSSÉ;Johannes Brahms;Clarinet Sonata No.1;Anglais;
2022_10_31_06_1;Alto;Lars Anders Tomter;Johannes Brahms;Clarinet Sonata No.1;EN;En cours édito (Iris)
2022_10_31_02_1;Alto;Lars Anders Tomter;Johannes Brahms;Clarinet Sonata No.1;EN;En cours édito (Iris)
2022_10_31_05_1;Alto;Lars Anders Tomter;Johannes Brahms;Clarinet Sonata No.1;EN;En cours édito (Iris)
2023_02_15_01_1;Alto;Gérard CAUSSÉ;Johannes Brahms;Clarinet Sonata No.1;Anglais;
2022_08_03_03_1;Clarinette;Patrick Messina;Claude Debussy;Complete Score and Clarinet (B♭) Part;EN;A archiver - ne pas post-produire
2021_11_03_06_1;Violoncelle;Anne Gastinel;Karl Davydov;Concert Allegro, Op. 11;FR;Online
2021_02_09_04;Trombone;Jacques Mauger;Lars-Erik Larsson;Concertino;FR;Online
2021_10_27_02_1;Violoncelle;Marc Coppey;Antonín Dvořák;Concerto;EN;Online
2022_02_15_05_1;Hautbois;Alexei Ogrintchouk;Bohuslav Martinu ;Concerto for Oboe and Small Orchestra, H. 353;FR;Online
2022_11_03_04_1;Piano;Jean-François Heisser;Johannes Brahms;Concerto for piano and orchestra No.1 in D minor;FR;A post-produire (Olivier)
2021_02_11_03;Trombone;Jacques Mauger;Launy Grøndahl;Concerto for Trombone and Piano, 1st and 2nd movement;EN;Online
2021_02_09_01;Trombone;Jacques Mauger;Henri Tomasi;Concerto for Trombone and Piano, 1st and 2nd movement;EN;Online
2022_10_31_01_1;Alto;Lars Anders Tomter;William Walton;Concerto for Viola and Orchestra;EN;A post-produire (Olivier)
2022_11_02_05_1;Alto;Lars Anders Tomter;William Walton;Concerto for Viola and Orchestra;EN;A post-produire (Olivier)
2022_10_31_03_1;Alto;Lars Anders Tomter;William Walton;Concerto for Viola and Orchestra;EN;A post-produire (Olivier)
2022_08_02_05_1;Harpe;Marie-Pierre Langlamet;Georg Friedrich Handel;concerto in B_Dur for harp and orchestro 1er mvt;EN;En cours édito (Iris)
2021_10_29_04_1;Violoncelle;Marc Coppey;Luigi Boccherini;Concerto in B-Flat Major, 1st movement;FR;Online
2022_04_07_02_1;Violon;Barnabás Kelemen;Johannes Brahms;Concerto in D Major, Op. 77;EN;Online
2021_02_10_06;Trombone;Jacques Mauger;Georg Friedrich Handel;Concerto in F minor;FR;Online
2021_02_09_02;Trombone;Jacques Mauger;Georg Friedrich Handel;Concerto in F minor ;FR;Online
2021_11_01_02_1;Violoncelle;Anne Gastinel;Joseph Haydn;Concerto No. 1 in C Major;FR;Online
2021_10_26_06_1;Violoncelle;Marc Coppey;Dmitri Shostakovich;Concerto No. 1 in E-Flat Major;EN;Online
2021_04_14_03;Clarinette;Sharon Kam;Carl Maria von Weber;Concerto No. 1, Op. 73, 1st movement;EN;Online
2021_11_01_03_1;Violoncelle;Anne Gastinel;Joseph Haydn;Concerto No. 2 in D Major;FR;Online
2021_10_26_05_1;Violoncelle;Marc Coppey;Joseph Haydn;Concerto No. 2 in D major, Op. 101, 1st movement;EN;Online
2021_11_01_01_1;Violoncelle;Anne Gastinel;Joseph Haydn;Concerto No. 2 in D Major, Op. 101, 1st movement;EN;Online
2021_10_29_02_1;Violon;Fried  Miriam;Wolfgang Amadeus Mozart;Concerto No. 4 in D Major;EN;Online
2021_10_26_03_1;Violon;Fried  Miriam;Wolfgang Amadeus Mozart;Concerto No. 5 in A Major, 1st movement;EN;Online
2022_08_02_04_1;Harpe;Marie-Pierre Langlamet;Georg Friedrich Handel;Concerto per organo HWV 294 (OP4. N°6);EN;En cours édito (Iris)
2022_10_26_03_1;Violon;Ning Feng;Niccolò Paganini;Concerto_No1;EN;En cours édito (Iris)
2022_10_25_04_1;Violon;Ning Feng;Niccolò Paganini;Concerto_No1;EN;Online
2022_07_29_04_1;Flute;Sophie Cherrier;Arthur Honegger;Danse de la chèvre, H.39;FR;A post-produire (Olivier)
2022_07_22_02_3;Flute;Vincent Lucas;Maurice Ravel;Daphnis & Chloé (orchestral excerpts);EN;Stand by
2021_04_12_03;Chant;François Le Roux;Albert Roussel;Deux poèmes chinois;FR;Online
2021_11_03_04_1;Violoncelle;Anne Gastinel;Franz Schubert;Die Forelle / An Die Muzik;EN;Online
2020_10_6_2;Piano;Claire-Marie Le Guay;Henri Dutilleux;D'ombre et de silence, Prelude 1;FR;Online
2022_04_13_05_1;Chant;Jean-Paul Fouchécourt;Maurice Ravel;Don Quichotte à Dulcinée;FR;Online
2022_08_02_01_1;Guitar;Tristan Manoukian;Hans Wermer Henze;Drei Tentos 1er mvt;FR;Stand by
2022_08_02_01_2;Guitar;Tristan Manoukian;Hans Wermer Henze;Drei Tentos 2 mvt;FR;Stand by
2021_02_18_03;Alto;Isabel Charisius;Wilhelm Friedemann Bach;Duet for Two Violas in G Major;EN;Online
2021_02_09_05;Trombone;Jacques Mauger;Leonard Bernstein;Elegy for Mippy II;FR;Online
2021_02_10_07;Trombone;Jacques Mauger;Leonard Bernstein;Elegy for Mippy II;FR;Online
2022_02_11_04_1;Piano;Marie-Josèphe Jude;Claude Debussy;"Estampes, ""Soirée dans Grenade""";FR;Online
2022_02_21_04_1;Piano;Finghin Collins;Frédéric Chopin;"Etude Op. 25 No. 12, ""Ocean""";EN;Online
2022_07_20_03_1;Piano;Akiko Ebi;Aleksandr Scriabin;Etude op.8 no.2;EN;Problème/ tech issue
2021_11_05_03_1;Piano;Dénes Várjon;Frédéric Chopin;Études;EN;Online
2022_10_23_08_1;Piano;Nelson Goerner;György Ligeti;Etudes 4 : Fanfares;EN;A post-produire (Olivier)
2022_08_04_03_1;Piano;Jonas Vitaud;Franz Liszt;Études d'exécution transcendante, S.139  3. Paysage (F major);FR;A post-produire (Olivier)
2022_02_22_05_1;Violon;Olivier Charlier;Eugène Ysaÿe;Extase, Op. 21;EN;Online
2023_02_09_04_01;Voix;Antoine PALLOC;Giuseppe VERDI;Falstaff;Anglais;
2022_03_27_04_1;Flute;Philippe Bernold;François Borne;Fantaisie brillante sur 'Carmen,' 1st part;FR;Online
2022_03_27_04_2;Flute;Philippe Bernold;François Borne;Fantaisie brillante sur 'Carmen', 2nd part;FR;Online
2022_03_28_03_1;Flute;Philippe Bernold;Georges Hüe;Fantaisie for flute and piano;FR;Online
2022_07_29_02_1;Flute;Sophie Cherrier;Philippe Gaubert;Fantaisie for Flute and Piano;FR;A post-produire (Olivier)
2021_02_10_04;Trombone;Jacques Mauger;Zygmunt Stojowski;Fantaisie, Op. 27;FR;Online
2022_07_27_06_1;Flute;Soyoung Lee;Gabriel Fauré;Fantaisie, Op.79;;A post-produire (Olivier)
2022_03_26_04_1;Piano;Michel Béroff;Franz Liszt;Fantasia and Fugue on the Theme B.A.C.H., S.529;EN;Online
2022_07_23_01_1;Harpe;Marie-Pierre Langlamet;Louis Spohr;Fantasia for Harp, Op.35 1 Mvt (Spohr, Louis);EN;En cours édito (Iris)
2022_10_23_03_1;Piano;Nelson Goerner;Robert Schumann;Fantasie;EN;Online
2022_10_22_04_1;Piano;Nelson Goerner;Robert Schumann;Fantasie;EN;Online
2022_10_22_05_1;Piano;Nelson Goerner;Frédéric Chopin;Fantasie;EN;Online
2022_02_11_06_1;Piano;Marie-Josèphe Jude;Robert Schumann;Fantasie in C, Op. 17, 1st movement;FR;Online
2021_02_11_01;Trombone;Jacques Mauger;Zygmunt Stojowski;Fantasie, Op. 38;FR;Online
2021_02_10_08;Trombone;Jacques Mauger;Zygmunt Stojowski;Fantasie, Op. 38;FR;Online
2022_08_03_02_1;Clarinette;Patrick Messina;Robert Schumann;Fantasiestücke, Op.73, I mvt;EN;Problème/ tech issue
2022_08_03_02_2;Clarinette;Patrick Messina;Robert Schumann;Fantasiestücke, Op.73. 2nd Mvt;EN;Stand by
2022_02_11_01_1;Piano;Marie-Josèphe Jude;Wolfgang Amadeus Mozart;Fantasy No. 2 in C minor, K. 396/385f;FR;Online
2022_03_28_02_1;Flute;Philippe Bernold;Claude-Paul Taffanel;"Fantasy on ""Der Freischütz"", 1st part";FR;Online
2022_03_28_02_2;Flute;Philippe Bernold;Claude-Paul Taffanel;"Fantasy on ""Der Freischütz"", 2nd part";FR;Online
2022_08_02_02_1;Guitar;Tristan Manoukian;William Walton;Five Bagatelles for Guitar 1er mvt;FR;Stand by
2022_10_25_03_1;Flute;Davide Formisano;Carl Reinecke;Flute Concerto;EN;Online
2022_07_22_01_1;Flute;Vincent Lucas;Wolfgang Amadeus Mozart;flute concerto in D major K.314;EN;Problème/ tech issue
2022_10_29_02_1;Flute;Davide Formisano;Wolfgang Amadeus Mozart;Flute concerto in G major;EN;En cours édito (Iris)
2021_02_17_05;Flute;Silvia Careddu;Wolfgang Amadeus Mozart;Flute Concerto in G major, 1st movement;EN;Online
2022_10_25_01_1;Flute;Davide Formisano;Sergueï Prokofiev;Flute Sonata;EN;A post-produire (Olivier)
2021_02_17_04;Flute;Silvia Careddu;Johann Sebastian Bach;Flute Sonata in E minor, 1st movement;EN;Online
2022_02_18_02_1;Piano;Stephen Kovacevich;Franz Schubert;Four Impromptus, Op. 142;EN;Online
2022_10_24_05_1;Piano;Dmitri Alexeev;Johann Sebastian Bach;French_Suite_No5;EN;A post-produire (Olivier)
2022_11_03_05_1;Piano;Jean-François Heisser;Maurice Ravel;Gaspard de la nuit;FR;A post-produire (Olivier)
2023_02_17_03_01;Piano;Alexandar Madzar;Maurice RAVEL;Gaspard de la Nuit;Anglais;
2021_10_28_03_1;Piano;Dalberto Michel;Maurice Ravel;Gaspard de la nuit;EN;Online
2022_04_04_03_1;Piano;Denis Pascal;Maurice Ravel;Gaspard de la nuit, Ondine;FR;Online
2021_10_28_02_1;Piano;Dalberto Michel;Enrique Granados;Goyescas;EN;Online
2022_10_26_04_1;Flute;Davide Formisano;Paul Taffanel;Grande Fantaisie;EN;Online
2022_10_25_02_1;Flute;Davide Formisano;Paul Taffanel;Grande Fantaisie;EN;Online
2020_10_3_4;Flute;Philippe Bernold;Theobald Boehm;Grande Polonaise, Op. 16;FR;Online
2022_11_05_04_1;Piano;Jean-Frédéric Neuburger,Lars Anders Tomter;Hector Berlioz;Harold in Italie;EN;A post-produire (Olivier)
2022_11_05_04_2;Piano;Jean-Frédéric Neuburger,Lars Anders Tomter;Hector Berlioz;Harold in Italie;EN;A post-produire (Olivier)
2022_04_12_06_1;Violon;Gérard Poulet;Camille Saint-Saëns;Havanaise;FR;Online
2021_02_16_03;Alto;Isabel Charisius;Joseph Joachim;Hebräische Melodien, Op. 9, 2nd movement;EN;Online
2021_04_16_01;Clarinette;Sharon Kam;Bela Kovacs;Hommage à Manuel De Falla;EN;Online
2022_04_04_06_1;Piano;Denis Pascal;Franz Liszt;Hungarian Rhapsody No. 5 in E minor, S.244/5, Héroïde élégiaque;FR;Online
2022_07_29_05_1;Violon;Gilles Apap;Jean Sibelius;I. Allegro moderato violon concerto op 47;FR;Stand by
2022_07_30_03_1;Violon;Stéphanie-Marie Degand;Robert Schumann;I. Mit leidenschaftlichem Ausdruck;FR;A post-produire (Olivier)
2022_11_03_06_1;Piano;Jean-François Heisser;Isaac Albeniz;Iberia, excerpt from book 1;FR;A post-produire (Olivier)
2022_07_30_02_1;Violon;Stéphanie-Marie Degand;Piotr Ilitch Tchaïkovski;III Finale Violin Concerto, Op.35 (Tchaikovsky, Pyotr);FR;A post-produire (Olivier)
2023_02_09_05_01;Voix;Antoine PALLOC;Gioacchino ROSSINI;Il barbiere di Siviglia;Anglais;
2022_04_13_06_1;Chant;Jean-Paul Fouchécourt;Wolfgang Amadeus Mozart;Il Mio Tesoro, Aria of Don Giovanni ;FR;Online
2023_02_08_02_01;Voix;Antoine PALLOC;Gioacchino ROSSINI;Il Turco in Italia;Anglais;
2022_07_27_04_1;Flute;Soyoung Lee;Eugène Bozza;Image for flute Eugene Booze op 3;;Stand by
ITWL_Garlitsky;Violon;Boris Garlitsky;;Interview - Boris Garlitsky;FR;Online
ITWL_Moinet;Hautbois;Céline Moinet;;Interview - Céline Moinet;FR;Online
ITWL_Leroux;Chant;François Le Roux;;Interview - François Le Roux;FR;Online
ITWL_Helmerson;Violoncelle;Frans Helmerson;;Interview - Franz Helmerson;EN;Online
ITWL_Charisius;Alto;Isabel Charisius;;Interview - Isabel Charisius;FR;Online
ITWL_Mauger;Trombone;Jacques Mauger;;Interview - Jacques Mauger;FR;Online
ITWL_Rouvier;Piano;Jacques Rouvier;;Interview - Jacques Rouvier;FR;Online
ITWL_Heisser;Piano;Jean-François Heisser;;Interview - Jean-François Heisser;FR;Online
2022_04_01_ITWJP_Fouchecourt;Chant;Jean-Paul Fouchécourt;;Interview - Jean-Paul Fouchécourt;FR;Online
ITWL_Maintz;Violoncelle;Jens Peter Maintz;;Interview - Jens Peter Maintz;EN;Online
ITWL_Coppey;Violoncelle;Marc Coppey;;Interview - Marc Coppey;FR;Online
ITWL_Martine;Violon;Mihaela Martin;;Interview - Mihaela Martin;FR;Online
ITWL_Kam;Clarinette;Sharon Kam;;Interview - Sharon Kam;EN;Online
ITWL_Carredu;Flute;Silvia Careddu;;Interview - Silvia Careddu;FR;Online
ITWL_Makarova;Violon;Svetlana Makarova;;Interview - Svetlana Makarova;FR;Online
ITWL_Paparami;Violon;Tedi Papavrami;;Interview - Tedi Papavrami;FR;Online
ITWL_Fellner;Piano;Till Fellner;;Interview - Till Fellner;EN;Online
2022_04_11_06_1;Chant;Jean-Paul Fouchécourt;Antonio Vivaldi;Juditha Triumphans, RV 644, Armatae Face et Anguibus;FR;Online
2022_07_28_02_1;Piano;Anne-Lise Gastaldi;Joseph Haydn;Keyboard Sonata in C major;FR;A post-produire (Olivier)
2022_07_20_01_1;Piano;Akiko Ebi;Joseph Haydn;Keyboard Sonata in E-flat major. 1. Allegro;JAP;A post-produire (Olivier)
2023_02_17_01_01;Piano;Aleksandar Madzar;Robert SCHUMANN;Kinderszenen;Anglais;
2020_10_6_1;Piano;Claire-Marie Le Guay;Johannes Brahms;Klavierstück: Six Pieces for Piano, Op. 118, Ballade;FR;Online
2022_07_29_01_1;Flute;Sophie Cherrier;Wolfgang Amadeus Mozart;Konzer für Flüge und Orchester. 1 Mvt;FR;A post-produire (Olivier)
2022_08_03_04_1;Piano;Johan Schmidt;Robert Schumann;Kreisleriana Seinem Freunde F.Chopin zugeeignet Op.8;FR;A post-produire (Olivier)
2022_04_11_03_1;Chant;Jean-Paul Fouchécourt;Gioachino Rossini ;La Cenerentola, Ramiro's Aria;FR;Online
2022_02_16_06_1;Chant;Maarten Koningsberger;Wolfgang Amadeus Mozart;La clemenza di Tito, Servilia's aria (S'altro che lagrime);EN;Online
2023_02_06_05_01;Voix;Antoine PALLOC;Amilcare PONCHIELLI;LA GIOCONDA;Anglais;
2022_04_13_09_1;Chant;Jean-Paul Fouchécourt;Giacomo Puccini;La Rondine, Magda's Aria (Che bel sogno di Doretta);FR;Online
2021_04_14_06;Chant;François Le Roux;Francis Poulenc;La voix humaine;FR;Online
2022_04_13_04_1;Chant;Jean-Paul Fouchécourt;Léo Delibes;Lakmé, Air de Nilakantha (Ton doux regard se voile);FR;Online
2022_04_11_04_1;Chant;Jean-Paul Fouchécourt;Léo Delibes;Lakmé, Gérard's Aria (Fantaisie aux divins mensonges);FR;Online
2023_02_08_03_01;Voix;Antoine PALLOC;Francesco CILEA;L'Arlesiana;Anglais;
2023_02_06_04_01;Voix;Antoine PALLOC;Wolfgang Amadeus MOZART;Le nozze de Figaro, K.492;Anglais;
2022_02_16_04_1;Chant;Maarten Koningsberger;Wolfgang Amadeus Mozart;Le nozze di Figaro, Susanna's aria (Giunse alfin il momento);EN;Online
2022_11_01_03_1;Piano;Jean-Frédéric Neuburger;Maurice Ravel;Le tombeau de Couperin;EN;A post-produire (Olivier)
2023_02_08_01_01;Voix;Antoine PALLOC;Claude DEBUSSY;L'enfant prodigue;Anglais;
2022_07_22_03_2;Flute;Vincent Lucas;Ludwig van Beethoven;Leonora Overture No.3, Op.72b (orchestral excerpts);EN;Stand by
2021_04_14_07;Chant;François Le Roux;Claude Debussy;Les chevaux de bois;FR;Online
2021_04_14_08;Chant;François Le Roux;Isabelle Aboulker;L'inconstante ;FR;Online
2022_02_14_03_1;Chant;Margreet Honig;Claudio Monteverdi;L'Incoronazione di Poppea, Ottone's aria (E pur' io torno qui);EN;Online
2022_02_16_05_1;Chant;Maarten Koningsberger;Gaetano Donizetti;Linda di Chamounix, Linda's aria (Ah! tardai troppo);EN;Online
2022_04_13_08_1;Chant;Jean-Paul Fouchécourt;Henri Duparc;L'invitation au voyage;FR;Online
2022_03_26_01_1;Piano;Michel Béroff;Claude Debussy;L'Isle joyeuse;FR;Online
2020_10_30_3;Piano;Jean-François Heisser;Igor Stravinsky;L'oiseau de feu;FR;Online
2023_02_06_03_01;Voix;Antoine PALLOC;Jules MASSENET;MANON;Anglais;
2022_02_14_04_1;Chant;Margreet Honig;Jules Massenet;Manon, Manon's aria (Je marche sur tous les chemins);EN;Online
2022_07_22_05_1;Violon;Philippe Graffin;Fritz Kreisler;Marche miniature viennoise;FR;A post-produire (Olivier)
2022_07_22_01_2;Flute;Vincent Lucas;Johann Sebastian Bach;Mattheus Passion (orchestral excerpts);EN;Stand by
2022_08_02_03_1;Guitar;Tristan Manoukian;Agustín Barrios Mangoré;Mazurka Apasionada;FR;Stand by
2021_11_04_03_1;Violoncelle;Anne Gastinel;Eugène Ysaÿe;Meditation;FR;Online
2022_11_05_02_1;Piano;Jean-Frédéric Neuburger;Maurice Ravel;Miroirs;EN;A post-produire (Olivier)
2022_11_01_01_1;Piano;Jean-Frédéric Neuburger;Maurice Ravel;Miroirs;EN;A post-produire (Olivier)
2022_11_05_03_1;Piano;Jean-Frédéric Neuburger;Maurice Ravel;Miroirs;EN;A post-produire (Olivier)
2022_11_01_02_1;Piano;Jean-Frédéric Neuburger;Maurice Ravel;Miroirs;EN;A post-produire (Olivier)
2022_03_26_05_1;Piano;Michel Béroff;Maurice Ravel;"Miroirs No.3, ""Une barque sur l'océan""";FR;Online
2022_02_23_01_1;Violon;Olivier Charlier;Lili Boulanger;Nocturne & Cortège;EN;Online
2021_04_14_04;Chant;François Le Roux;Claude Debussy;Nuit d'étoile;FR;Online
2020_10_29_1;Hautbois;Céline Moinet;Richard Strauss;Oboe Concerto in D Major, Op. 144;EN;Online
2022_02_15_06_1;Hautbois;Alexei Ogrintchouk;Richard Strauss;Oboe Concerto, TrV 292, 1st movement;EN;Online
2020_10_29_3_1;Hautbois;Céline Moinet;Francis Poulenc;Oboe Sonata;FR;Online
2022_02_15_04_1;Hautbois;Alexei Ogrintchouk;Antonio Vivaldi;Oboe Sonata in C minor, RV 53, 1st & 2nd movement;FR;Online
2022_07_29_06_1;Violon;Gilles Apap;;Old Timmy musique;FR;A post-produire (Olivier)
2021_02_10_05;Trombone;Jacques Mauger;Vincent Persichetti;Parable for Solo Trombone, Op. 133;FR;Online
2022_03_26_06_1;Piano;Michel Béroff;Johann Sebastian Bach;Partita in B-flat major, BWV 825, movement 1-4;FR;Online
2021_02_13_01;Piano;Jacques Rouvier;Johann Sebastian Bach;Partita No. 2;FR;Online
2021_10_26_02_1;Violon;Fried  Miriam;Johann Sebastian Bach;Partita No. 2 in D Minor;EN;Online
2020_10_28_2;Violon;Boris Garlitsky;Johann Sebastian Bach;Partita No. 2, 5th movement;EN;Online
2021_10_26_01_1;Violon;Fried  Miriam;Johann Sebastian Bach;Partita No. 3 in E Major;EN;Online
2020_10_6_4;Piano;Claire-Marie Le Guay;Johann Sebastian Bach;Partita No. 6;FR;Online
2022_11_04_03_1;Alto;Lars Anders Tomter;Johann Sebastian Bach;Partita No.1 in B minor BWV1002;EN;En cours édito (Iris)
2022_11_04_05_1;Alto;Lars Anders Tomter;Johann Sebastian Bach;Partita No.2 in D major BWV 1004;EN;En cours édito (Iris)
2020_11_5_2;Flute;Philippe Bernold;;Philipe Bernold;FR;Problème/ tech issue
2020_11_5_1;Flute;Philippe Bernold;;Philipe Bernold;FR;Problème/ tech issue
2022_11_03_02_1;Piano;Jean-Frédéric Neuburger;Maurice Ravel;Piano concerto in G major;EN;A post-produire (Olivier)
2020_10_6_3;Piano;Claire-Marie Le Guay;Maurice Ravel;Piano Concerto in G major;FR;Online
2022_04_05_01_1;Piano;Denis Pascal;Piotr Ilitch Tchaïkovski;Piano Concerto No. 1 in B♭ minor, Op. 23, 2nd movement;FR;Online
2020_10_30_4;Piano;Jean-François Heisser;Frédéric Chopin;Piano Concerto No. 1 in E Minor, Op. 11, 1st movement;FR;Online
2021_04_17_04;Piano;Till Fellner;Wolfgang Amadeus Mozart;Piano Concerto No. 23 in A Major, 2nd movement;EN;Online
2022_04_04_05_1;Piano;Denis Pascal;Ludwig van Beethoven;Piano Concerto No. 3, Op. 37, 1st movement;FR;Online
2021_10_25_01_1;Piano;Dalberto Michel;Ludwig van Beethoven;Piano Concerto No. 4 in G Major, Op. 58, part 1;EN;Online
2021_10_25_01_3;Piano;Dalberto Michel;Ludwig van Beethoven;Piano Concerto No. 4 in G Major, Op. 58, part 2;EN;Online
2021_10_25_01_2;Piano;Dalberto Michel;Ludwig van Beethoven;Piano Concerto No. 4 in G Major, Op. 58, part 3;EN;Online
2023_02_18_01_1;Piano;Aleksandar MADZAR;Pyotr TCHAIKOVSKY;Piano Concerto No.1;Anglais;ÉDITO Hyacinthe
2023_02_18_02_1;Piano;Aleksandar MADZAR;Pyotr TCHAIKOVSKY;Piano Concerto No.1;Anglais;ÉDITO Hyacinthe
2022_08_03_06_1;Piano;Johan Schmidt;Frédéric Chopin;Piano Concerto No.1, Op.11 1er Mvt;FR;A post-produire (Olivier)
2023_02_18_03_1;Piano;Aleksandar MADZAR;Béla BARTÓK;Piano Concerto No.2;Anglais;ÉDITO Hyacinthe
2022_11_03_03_1;Piano;Jean-Frédéric Neuburger;Alban Berg;Piano Sonata;EN;A post-produire (Olivier)
2022_07_21_03_1;Piano;Claire Desert;Ludwig van Beethoven;Piano sonata g-mole. 2 Andantino;FR;A post-produire (Olivier)
2022_03_27_02_1;Piano;Michel Béroff;Franz Schubert;Piano Sonata in A major D. 664, Op. posth. 120;FR;Online
2021_02_12_04;Piano;Jacques Rouvier;Franz Schubert;Piano Sonata in A Major, Op. 120;EN;Online
2022_04_05_02_1;Piano;Denis Pascal;Franz Schubert;Piano Sonata in A minor, Op. 143, D. 784;FR;Online
2020_10_6_5;Piano;Claire-Marie Le Guay;Franz Schubert;Piano Sonata in B-flat major, 2nd movement;FR;Online
2022_07_21_02_1;Piano;Claire Desert;Aleksandr Scriabin;Piano Sonata N°2;FR;A post-produire (Olivier)
2021_04_16_06;Piano;Till Fellner;Ludwig van Beethoven;Piano sonata No. 17, Op. 31, part 1;EN;Online
2021_11_05_04_1;Piano;Dénes Várjon;Ludwig van Beethoven;Piano Sonata No. 23 in F Minor, Op. 57;EN;Online
2022_02_11_05_1;Piano;Marie-Josèphe Jude;Ludwig van Beethoven;"Piano Sonata No. 23 in F minor, Op. 57, ""Appassionata"", 1st movement";FR;Online
2021_11_05_01_1;Piano;Dénes Várjon;Ludwig van Beethoven;Piano Sonata No. 23 in F Minor, Op. 57, 1st movement, part 1;EN;Online
2021_11_05_01_2;Piano;Dénes Várjon;Ludwig van Beethoven;Piano Sonata No. 23 in F Minor, Op. 57, 1st movement, part 2;EN;Online
2021_02_12_08;Piano;Jacques Rouvier;Ludwig van Beethoven;Piano Sonata No. 23 in F Minor, Op. 57, 2nd movement;FR;Online
2021_02_12_03;Piano;Jacques Rouvier;Frédéric Chopin;Piano Sonata No. 3 in B Minor, Op. 58;FR;Online
2021_11_05_02_1;Piano;Dénes Várjon;Ludwig van Beethoven;Piano Sonata No. 3 in C Major, Op. 2, 1st movement, part 1;EN;Online
2021_11_05_02_2;Piano;Dénes Várjon;Ludwig van Beethoven;Piano Sonata No. 3 in C Major, Op. 2, 1st movement, part 2;EN;Online
2021_11_05_02_3;Piano;Dénes Várjon;Ludwig van Beethoven;Piano Sonata No. 3 in C Major, Op. 2, 1st movement, part 3;EN;Online
2022_04_04_01_1;Piano;Denis Pascal;Ludwig van Beethoven;Piano Sonata No. 30 in E major, Op. 109, 1st movement;FR;Online
2022_02_21_01_1;Piano;Finghin Collins;Ludwig van Beethoven;Piano Sonata No. 30 in E major, Op.109;EN;Online
2020_10_30_2;Piano;Jean-François Heisser;Sergueï Prokofiev;Piano Sonata No. 7 in B-Flat Major, Op. 83;FR;Online
2022_04_04_04_1;Piano;Denis Pascal;Ludwig van Beethoven;Piano Sonata No. 7, Op. 10;FR;Online
2022_10_28_05_1;Piano;Dmitri Alexeev;Ludwig van Beethoven;Piano Sonata No.13;EN;Online
2023_02_17_04_01;Piano;Alexandar Madzar;Ludwig van BEETHOVEN;Piano Sonata No.16;Anglais;
2022_03_27_01_1;Piano;Michel Béroff;Wolfgang Amadeus Mozart;Piano Sonata No.17 in B-flat major, K.570;EN;Online
2023_02_17_05_01;Piano;Alexandar Madzar;Ludwig van BEETHOVEN;Piano Sonata No.2;Anglais;
2022_10_28_04_1;Piano;Dmitri Alexeev;Frédéric Chopin;Piano Sonata No.3;EN;Online
2022_08_04_06_1;Piano;Jonas Vitaud;Ludwig van Beethoven;Piano Sonata No.3, Op.2 No.3;FR;A post-produire (Olivier)
2022_10_28_01_1;Piano;Dmitri Alexeev;Aleksandr Scriabin;Piano Sonata No.30;EN;Online
2022_11_05_01_1;Piano;Jean-Frédéric Neuburger;Ludwig van Beethoven;Piano Sonata No.32;EN;A post-produire (Olivier)
2022_11_01_04_1;Piano;Jean-François Heisser;Ludwig van Beethoven;Piano Sonata No.4;FR;A post-produire (Olivier)
2023_02_10_02_01;Piano;Hugh TINNEY;Wolfgang Amadeus MOZART;Piano Sonata No.9 in D major;Anglais;ÉDITO Hyacinthe
2023_02_10_02_02;Piano;Hugh TINNEY;Wolfgang Amadeus MOZART;Piano sonata No.9 in D major;Anglais;ÉDITO Hyacinthe
2022_07_21_01_1;Piano;Claire Desert;Ludwig van Beethoven;piano sonate vol 1. 1er Mvt;FR;A post-produire (Olivier)
2022_10_23_04_1;Piano;Nelson Goerner;Ludwig van Beethoven;Piano_Concerto_No.3;EN;Online
2022_10_22_02_1;Piano;Nelson Goerner;Ludwig van Beethoven;Piano_Concerto_No.3;EN;Online
2022_02_21_03_1;Piano;Finghin Collins;Ludwig van Beethoven;Piano_Sonata_n°30;EN;En cours édito (Iris)
2022_10_23_02_1;Piano;Nelson Goerner;Ludwig van Beethoven;Piano_Sonata_No.31;EN;Online
2022_03_27_03_1;Flute;Philippe Bernold;Jacques Ibert;Piece for Solo Flute;FR;Online
2020_10_3_5;Flute;Philippe Bernold;Jacques Ibert;Piece for Solo Flute;FR;Online
2021_11_03_02_1;Violon;Martin Beaver;Ernest Chausson;Poème;EN;Online
2022_02_16_03_1;Violon;Augustin Dumay;Ernest Chausson;Poème, Op. 25;EN;Online
2022_07_22_04_2;Violon;Philippe Graffin;Ernest Chausson;Poème, Op.25;EN;Online
2022_07_22_04_1;Violon;Philippe Graffin;Ernest Chausson;Poème, Op.25;EN;Online
2023_02_07_01_01;Violoncelle;Sung-won YANG;Frédéric CHOPIN;Polonaise Brillante ;Anglais;
2023_02_16_02_1;Violon;Alissa MARGULIS;Henri WIENIAWSKI;Polonaise Brillante in D Major;Anglais;ÉDITO Hyacinthe
2023_02_15_05_1;Violon;Alissa MARGULIS;Henri WIENIAWSKI;Polonaise Brillante in D Major;Anglais;ÉDITO Hyacinthe
2022_02_11_02_1;Piano;Marie-Josèphe Jude;Frédéric Chopin;Polonaise-Fantaisie in A flat major, Op. 61;FR;Online
2020_10_30_6_2;Piano;Jean-François Heisser;Claude Debussy;Pour le piano, 3rd movement;FR;Online
2020_10_30_6_1;Piano;Jean-François Heisser;Johann Sebastian Bach;Prelude & Fugue in G Major;FR;Online
2022_07_22_03_1;Flute;Vincent Lucas;Claude Debussy;Prélude à l'après-midi d'un faune (orchestral excerpts);EN;Stand by
2022_10_23_07_1;Piano;Nelson Goerner;Johann Sebastian Bach;Prelude and Fugue in A major;EN;Online
2021_11_06_01_1;Piano;Dénes Várjon;Johann Sebastian Bach;Prelude and Fugue in C-Sharp Major;EN;Online
2021_04_17_03&04;Piano;Till Fellner;Johann Sebastian Bach;Prelude and Fugue, No. 17 in A-Flat Major;EN;Online
2022_03_26_03_1;Piano;Michel Béroff;Claude Debussy;Preludes 4 & 5;EN;Online
2023_02_17_06_01;Piano;Alexandar Madzar;Claude DEBUSSY;Préludes, Livre 1 et 2;Anglais;
2021_04_16_02;Clarinette;Sharon Kam;Claude Debussy;Première Rhapsodie;EN;Online
2021_04_14_05;Chant;François Le Roux;Claude Debussy;Regrets;FR;Online
2022_10_28_03_1;Piano;Dmitri Alexeev;Franz Liszt;Rhapsodie hongroise;EN;En cours édito (Iris)
2021_02_12_06;Piano;Jacques Rouvier;Béla Bartók;Romanian Dances 1 & 2, Op. 8A;EN;Online
2022_07_22_05_2;Violon;Philippe Graffin;Béla Bartók;Romanian Folk Dances;FR;A post-produire (Olivier)
2023_02_09_03_01;Voix;Antoine PALLOC;Charles GOUNOD;Romeo and Juliette;Anglais;
2023_02_17_02_01;Piano;Alexandar Madzar;Wolfgang Amadeus MOZART;Rondo in D major;Anglais;
2022_02_17_02_1;Violoncelle;Chu Yi-Bing;Antonín Dvořák;Rondo in G minor, Op. 94;EN;Online
2022_02_22_03_1;Piano;Finghin Collins;Frédéric Chopin;Scherzo No. 1 in B minor, Op. 20;EN;Online
2022_08_05_02_1;Piano;Isabelle Duha;Ludwig van Beethoven;Scherzo op 18;FR;A post-produire (Olivier)
2022_08_04_05_1;Piano;Jonas Vitaud;Frédéric Chopin;Scherzo Op.39;FR;A post-produire (Olivier)
2022_10_24_01_1;Piano;Dmitri Alexeev;Frédéric Chopin;Scherzo_No4;EN;A post-produire (Olivier)
2022_07_29_06_1;Violon;Gilles Apap;John Williams;Schindlers list list;EN;A post-produire (Olivier)
2022_07_27_03_1;Flute;Julien Beaudiment;Jacques Ibert;Scores featuring the flute;EN;Stand by
RIAM_Elgar_Sea_Pictures_Brennan;Chant;Mary Brennan;Edward Elgar;Sea Pictures, Op. 37: No. 3, A Sabbath Morning at Sea;EN;Online
2022_02_14_05_1;Chant;Margreet Honig;Georg Friedrich Handel;Serse, Serse's aria (Crude furie);EN;Online
2020_10_29_3_2;Hautbois;Céline Moinet;Benjamin Britten;Six Metamorphoses after Ovid, Op. 49;FR;Online
2022_07_30_01_1;Violon;Stéphanie-Marie Degand;Johann Sebastian Bach;Sonata 1 BWV 1001;FR;A post-produire (Olivier)
2021_10_27_03_1;Violoncelle;Marc Coppey;Claude Debussy;Sonata for Cello, 1st movement;EN;Online
2023_02_10_01_01;Piano;Hugh TINNEY;Frederic CHOPIN;Sonata for Piano No.2;Anglais;ÉDITO Hyacinthe
2023_02_10_01_02;Piano;Hugh TINNEY;Frederic CHOPIN;Sonata for Piano No.2;Anglais;ÉDITO Hyacinthe
2022_04_12_05_1;Violon;Gérard Poulet;Claude Debussy;Sonata for Violin and Piano in G Minor, CD 148;FR;Online
2022_04_13_01_1;Violon;Gérard Poulet;Maurice Ravel;Sonata for Violin and Piano No. 2 in G Major;FR;Online
2023_02_15_02_1;Alto;Gérard CAUSSÉ;César FRANCK;Sonata in A major for Viola and Piano;Anglais;
2022_10_22_01_1;Piano;Nelson Goerner;Domenico Scarlatti;Sonata in D minor;EN;Online
2021_02_17_01;Violon;Mihaela Martin;Robert Schumann;Sonata No. 1, Op. 105, 1st movement;EN;Online
2021_10_28_01_1;Piano;Dalberto Michel;Wolfgang Amadeus Mozart;Sonata No. 18 in D Major, 1st movement and 2nd movement;EN;Online
2021_10_28_01_2;Piano;Dalberto Michel;Wolfgang Amadeus Mozart;Sonata No. 18 in D Major, 3rd movement;EN;Online
2020_11_2_2;Violon;Boris Garlitsky;Johann Sebastian Bach;Sonata No. 2 in A minor, 1st movement;FR;Online
2020_11_2_3;Violon;Boris Garlitsky;Johann Sebastian Bach;Sonata No. 3;FR;Online
2020_10_28_6;Violon;Boris Garlitsky;Ludwig van Beethoven;Sonata No. 3 in E-flat Major, Op. 12, 1st movement;FR;Online
2021_02_13_03;Piano;Jacques Rouvier;Robert Schumann;Sonata No. 3, Op. 14, 1st movement;EN;Online
2021_04_13_01;Violon;Tedi Papavrami;Eugène Ysaÿe;Sonata No. 4, Op. 27;FR;Online
2021_10_28_04_1;Piano;Dalberto Michel;Wolfgang Amadeus Mozart;Sonata No. 9 in D Major, 1st and 2nd movement;FR;Online
2021_10_28_04_2;Piano;Dalberto Michel;Wolfgang Amadeus Mozart;Sonata No. 9 in D Major, 3rd movement;FR;Online
2022_11_04_01_1;Alto;Lars Anders Tomter;Johannes Brahms;Sonata No.1 in F minor;EN;En cours édito (Iris)
2021_10_30_01_1;Violon;Fried  Miriam;Francis Poulenc;Sonata, 1st movement;EN;Online
2022_10_22_03_2;Piano;Nelson Goerner;Ludwig van Beethoven;Sonata_No.32, part 2;EN;Online
2022_10_22_03_1;Piano;Nelson Goerner;Ludwig van Beethoven;Sonata_No.32, part 1;EN;Online
2022_10_23_06_1;Piano;Nelson Goerner;Ludwig van Beethoven;Sonata_No.32;EN;En cours édito (Iris)
2022_10_26_02_1;Violon;Ning Feng;Eugène Ysaÿe;Sonata_No.4;EN;En cours édito (Iris)
2022_10_24_03_1;Piano;Dmitri Alexeev;Sergueï Prokofiev;Sonata_No2;EN;A post-produire (Olivier)
2022_10_24_04_1;Piano;Dmitri Alexeev;Frédéric Chopin;Sonata_No3;EN;A post-produire (Olivier)
2023_02_07_05_01;Violon;Dmitry SITKOVESKY;Ludwig van BEETHOVEN;Sonatas for Piano and Violin No.8;Anglais;
2023_02_06_02_01;Violon;Dmitry Sitkovetsky;Ludwig van BEETHOVEN;Sonatas for Piano and Violin No.8;Anglais;
2023_02_08_06_01;Violoncelle;Sung-won YANG;Rita STROHL;Sonate dramatique;Anglais;
2022_10_25_05_1;Violon;Ning Feng;Johann Sebastian Bach;Sonate et Partita ;EN;En cours édito (Iris)
2022_07_20_02_1;Piano;Akiko Ebi;Robert Schumann;Sonate no2 op 22 2e 3e movement;FR;Problème/ tech issue
2021_11_03_03_1;Violoncelle;Anne Gastinel;Johannes Brahms;Sonatensatz, Scherzo;EN;Online
2021_02_12_05;Piano;Jacques Rouvier;Maurice Ravel;Sonatine;EN;Online
2022_10_26_05_2;Flute;Davide Formisano;Henri Dutilleux;Sonatine;EN;A post-produire (Olivier)
2022_10_26_05_1;Flute;Davide Formisano;Henri Dutilleux;Sonatine;EN;A post-produire (Olivier)
2020_10_3_6;Flute;Philippe Bernold;Henri Dutilleux;Sonatine for flute and piano;EN;Online
2022_08_03_01_2;Piano;Johan Schmidt;Maurice Ravel;Sonatine, I. Modéré II. Mouvement de Menuet;EN;A post-produire (Olivier)
2022_07_28_01_1;Piano;Anne-Lise Gastaldi;Franz Liszt;Sonetto 104 Del Petrarca;FR;A post-produire (Olivier)
2022_10_27_02_2;Flute;Davide Formisano;Sergueï Prokofiev;Sonota for Flute Violon and Piano;EN;A post-produire (Olivier)
2022_10_27_02_1;Flute;Davide Formisano;Sergueï Prokofiev;Sonota for Flute Violon and Piano;EN;A post-produire (Olivier)
2022_02_10_04_1;Musique de chambre;Clive Greensmith;Claude Debussy;String Quartet in G minor, 1st movement;EN;Online
2022_02_10_05_1;Musique de chambre;Clive Greensmith;Claude Debussy;String Quartet in G minor, 3rd movement;EN;Online
2020_11_4_3_1;Musique de chambre;Isabel Charisius;Franz Schubert;String Quartet No. 14, 1st movement;EN;Online
2022_04_06_02_3;Musique de chambre;Günter Pichler;Johannes Brahms;String Quartet No. 2 in A minor, 1st & 2nd movement;EN;Online
2022_04_06_02_1;Musique de chambre;Günter Pichler;Johannes Brahms;String Quartet No. 2 in A minor, 1st movement;EN;Online
2022_04_06_02_2;Musique de chambre;Günter Pichler;Johannes Brahms;String Quartet No. 2 in A minor, 1st movement;EN;Online
2022_02_10_06_1;Musique de chambre;Clive Greensmith;Joseph Haydn;String Quartet No. 52 in E♭ major, Op. 64, No. 6, 2nd and 3rd movement;EN;Online
2021_02_18_01;Alto;Isabel Charisius;Johannes Brahms;String Sextet No. 1 in B-flat Major, Op. 18, 2nd movement;EN;Online
2022_10_23_05_1;Piano;Nelson Goerner;Claude Debussy;Studies;EN;Online
2022_07_20_04_1;Piano;Akiko Ebi;Sergueï Rachmaninov;Study for piano op 39 (maybe op 33);EN;A post-produire (Olivier)
2022_11_01_06_1;Piano;Jean-François Heisser;Claude Debussy;Suite Bergamasque;FR;A post-produire (Olivier)
2020_10_5_4;Violoncelle;Marc Coppey;Igor Stravinsky;Suite italienne;EN;Online
2022_04_07_05_1;Alto;Nathan Braude;Johann Sebastian Bach;Suite No. 3 in C Major, 1st movement;EN;Online
2021_11_04_01_1;Violoncelle;Anne Gastinel;Johann Sebastian Bach;Suite No. 3 in C major, 4th movement;EN;Online
2021_11_04_02_1;Violoncelle;Anne Gastinel;Johann Sebastian Bach;Suite No. 3 in C major, 6th movement;EN;Online
2021_04_13_05;Violoncelle;Jens Peter Maintz;Johann Sebastian Bach;Suite No. 3, Courante and Sarabande;EN;Online
2023_02_08_05_01;Violoncelle;Sung-won YANG;Johann Sebastian BACH;Suite No.6 in D major;Anglais;
2021_04_17_01;Piano;Till Fellner;Robert Schumann;Symphonic Etudes Op. 13, part 1;EN;Online
2021_04_13_02;Violon;Tedi Papavrami;Edouard Lalo;Symphonie espagnole, finale;FR;Online
2022_02_23_05_1;Violon;Olivier Charlier;Edouard Lalo;Symphonie espagnole, Op. 21;EN;Online
2021_10_29_01_1;Violon;Fried  Miriam;Edouard Lalo;Symphonie Espagnole, version 2;EN;Online
2022_07_22_02_2;Flute;Vincent Lucas;Johannes Brahms;Symphony n°4 (orchestral excerpts);EN;Stand by
2023_02_06_06_01;Voix;Antoine PALLOC;Felix MENDELSSOHN;Symphony No.2;Anglais;
2022_07_22_03_3;Flute;Vincent Lucas;Gustav Mahler;Symphony No.9 (orchestral excerpts);EN;Stand by
2022_02_21_02_1;Piano;Finghin Collins;Piotr Ilitch Tchaïkovski;The Seasons, op. 37b, January, February, March;EN;Online
2022_02_22_01_1;Piano;Finghin Collins;Piotr Ilitch Tchaïkovski;The Seasons, op. 37b, July, August, Septembre;EN;Online
2022_02_22_02_1;Piano;Finghin Collins;Piotr Ilitch Tchaïkovski;The Seasons, op. 37b, Octobre, Novembre, Decembre;EN;Online
2022_02_21_05_1;Piano;Finghin Collins;Piotr Ilitch Tchaïkovski;The_Seasons;EN;En cours édito (Iris)
2022_04_05_03_3;Musique de chambre;Günter Pichler;Piotr Ilitch Tchaïkovski;Trio in A minor, Op. 50, 1st movement, Part 1;EN;Online
2022_04_06_01_1;Musique de chambre;Günter Pichler;Piotr Ilitch Tchaïkovski;Trio in A minor, Op. 50, 1st movement, Part 2;EN;Online
2022_04_06_01_2;Musique de chambre;Günter Pichler;Piotr Ilitch Tchaïkovski;Trio in A minor, Op. 50, 1st movement, Part 3;EN;Online
2022_04_05_03_1;Musique de chambre;Günter Pichler;Piotr Ilitch Tchaïkovski;Trio in A minor, Op. 50, 2nd movement, Part 1;EN;Online
2022_04_05_03_2;Musique de chambre;Günter Pichler;Piotr Ilitch Tchaïkovski;Trio in A minor, Op. 50, 2nd movement, Part 2;EN;Online
2022_11_03_01_1;Piano;Jean-Frédéric Neuburger;Richard Wagner / Franz Liszt;Tristan and Isolde / Mort d'Isolde, Franz Liszt's transcription;EN;A post-produire (Olivier)
2022_04_13_07_1;Chant;Jean-Paul Fouchécourt;Gabriel Fauré;Tristesse, No. 2, Op. 6;FR;Online
2021_02_17_02;Violon;Mihaela Martin;Maurice Ravel;Tzigane;FR;Online
2022_02_08_02_1;Violon;György Pauk;Maurice Ravel;Tzigane;EN;Online
2022_03_28_01_1;Flute;Philippe Bernold;Carl Reinecke;Undine Sonata in E Minor, Op. 167, 1st movement;EN;Online
2022_03_28_01_2;Flute;Philippe Bernold;Carl Reinecke;Undine Sonata in E Minor, Op. 167, 2nd movement;EN;Online
2021_10_28_05_1;Piano;Dalberto Michel;Maurice Ravel;Valses nobles et sentimentales, part 1;FR;Online
2021_10_28_05_2;Piano;Dalberto Michel;Maurice Ravel;Valses nobles et sentimentales, part 2;FR;Online
2022_07_23_03_1;Violoncelle;Chu Yi-Bing;Ludwig van Beethoven;Variation for piano and violoncelle;;En cours édito (Iris)
2022_04_12_03_1;Violoncelle;Alexander Chaushian;Piotr Ilitch Tchaïkovski;Variations on a Roccoco Theme;EN;Online
2022_02_11_03_1;Piano;Marie-Josèphe Jude;Johannes Brahms;Variations on an Original Theme, Op. 21 No.1;FR;Online
2021_02_16_04;Alto;Isabel Charisius;Franz Anton Hoffmeister;Viola Concerto in D major, 2nd and 3rd movement;EN;Online
2022_04_08_02_1;Alto;Nathan Braude;Karl Stamitz;Viola Concerto in D Major, Op. 1;EN;Online
2021_02_16_01;Alto;Isabel Charisius;Béla Bartók;Viola Concerto, 2nd and 3rd movement;EN;Online
2022_02_16_02_1;Violon;Augustin Dumay;Piotr Ilitch Tchaïkovski;Violin Concerto in D major, Op. 35;FR;Online
2021_11_03_01_1;Violon;Martin Beaver;Piotr Ilitch Tchaïkovski;Violin Concerto in D Major, Op. 35, part 1;EN;Online
2021_11_03_01_2;Violon;Martin Beaver;Piotr Ilitch Tchaïkovski;Violin Concerto in D Major, Op. 35, part 2;EN;Online
2021_10_30_03_1;Violon;Fried  Miriam;Johannes Brahms;Violin Concerto in D Major, Op. 77;EN;Online
2020_10_28_4_1;Violon;Boris Garlitsky;Johannes Brahms;Violin Concerto in D Major, Op. 77;FR;Online
2020_11_2_1;Violon;Boris Garlitsky;Johannes Brahms;Violin Concerto in D Major, Op. 77;FR;Online
2021_10_30_02_1;Violon;Fried  Miriam;Jean Sibelius;Violin Concerto in D minor;EN;Online
2022_10_27_04_1;Violon;Ning Feng;Jean Sibelius;Violin Concerto in D Minor;EN;A post-produire (Olivier)
2021_02_09_06;Violon;Pavel Vernikov;Jean Sibelius;Violin Concerto in D Minor, Op. 47, 1st movement;FR;Online
2021_02_10_01;Violon;Pavel Vernikov;Jean Sibelius;Violin Concerto in D Minor, Op. 47, 1st movement;FR;Online
2021_02_09_07;Violon;Pavel Vernikov;Max Bruch;Violin Concerto No. 1;FR;Online
2021_02_11_06;Violon;Svetlana Makarova;Niccolò Paganini;Violin Concerto No. 1 in D major, Op. 6, 1st movement;FR;Online
2021_02_10_03;Violon;Pavel Vernikov;Niccolò Paganini;Violin Concerto No. 1, Op. 6, 1st movement;FR;Online
2022_02_09_02_1;Violon;György Pauk;Béla Bartók;Violin Concerto No. 1, Sz. 36, 1st, 2nd movements;EN;Online
2022_02_09_06_1;Violon;György Pauk;Béla Bartók;Violin Concerto No. 1, Sz. 36, BB 48a, 2nd movement;EN;Online
2020_11_4_2;Violon;Boris Garlitsky;Sergueï Prokofiev;Violin Concerto No. 2 in G minor, Op. 63, 1st movement;FR;Online
2022_04_09_02_1;Violon;Barnabás Kelemen;Béla Bartók;Violin Concerto No. 2, BB 117, 1st movement, part 2;EN;Online
2022_04_09_03_1;Violon;Barnabás Kelemen;Béla Bartók;Violin Concerto No. 2, BB 117, 3rd movement, part 3;EN;Online
2022_04_07_01_1;Violon;Barnabás Kelemen;Béla Bartók;Violin Concerto No. 2, BB 117, part 1;EN;Online
2022_02_09_03_1;Violon;György Pauk;Sergueï Prokofiev;Violin Concerto No. 2, Op .63;EN;Online
2022_04_08_04_1;Violon;Barnabás Kelemen;Wolfgang Amadeus Mozart;Violin Concerto No. 3 in G major;EN;Online
2022_04_13_02_1;Violon;Gérard Poulet;Wolfgang Amadeus Mozart;Violin Concerto No. 3 in G major, K.216;FR;Online
2022_04_09_01_1;Violon;Barnabás Kelemen;Camille Saint-Saëns;Violin Concerto No. 3, BB 117 1st movement;EN;Online
2022_02_23_02_1;Violon;Olivier Charlier;Wolfgang Amadeus Mozart;Violin Concerto No. 5 in A major, K. 219;EN;Online
RIAM_Mozart_Violin_Concerto_5_Cooper;Violon;Mia Cooper;Wolfgang Amadeus Mozart;Violin Concerto No. 5 in A major, K. 219;EN;Online
2022_02_23_04_1;Violon;Olivier Charlier;Wolfgang Amadeus Mozart;Violin Concerto No. 5 in A major, K. 219, 1st movement;EN;Online
2022_02_09_01_1;Violon;György Pauk;Wolfgang Amadeus Mozart;Violin Concerto No. 5 in A major, K. 219, 1st, 2nd movements;EN;Online
2022_02_09_05_1;Violon;György Pauk;Wolfgang Amadeus Mozart;Violin Concerto No. 5 in A major, K. 219, 2nd and 3rd movements;EN;Online
2022_04_13_02_1;Violon;Gérard Poulet;Wolfgang Amadeus Mozart;Violin Concerto No. 5 in A major, K.219;FR;Online
2023_02_07_06_01;Violon;Dmitry SITKOVESKY;Max BRUCH;Violin concerto No.1;Anglais;
2022_08_05_05_1;Violon;Jean-Marc Phillips;Henri Wieniawski;Violin Concerto No.2, Op.22  1er Mvt;FR;A post-produire (Olivier)
2023_02_14_02_1;Violon;Alissa MARGULIS;Wolfgang Amadeus MOZART;Violin Concerto No.4 in D Major;Anglais;ÉDITO Hyacinthe
2022_10_26_01_1;Violon;Ning Feng;Wolfgang Amadeus Mozart;Violin Concerto No.5;EN;En cours édito (Iris)
2023_02_16_03_1;Violon;Alissa MARGULIS;Wolfgang Amadeus MOZART;Violin Concerto No.5 in A major;Anglais;ÉDITO Hyacinthe
2023_02_14_01_1;Violon;Alissa MARGULIS;Wolfgang Amadeus MOZART;Violin Concerto No.5 in A Major;Anglais;ÉDITO Hyacinthe
2023_02_15_04_1;Violon;Alissa MARGULIS;Wolfgang Amadeus MOZART;Violin Concerto No.5 in A major;Anglais;ÉDITO Hyacinthe
2021_04_13_03;Violon;Tedi Papavrami;Piotr Ilitch Tchaïkovski;Violin Concerto, Op. 35, 1st movement;FR;Online
2022_02_23_03_1;Violon;Olivier Charlier;Johann Sebastian Bach;Violin Partita No. 1 in B Minor, BWV 1002: III. Sarabande - Double;EN;Online
2021_02_19_01;Violon;Mihaela Martin;Johann Sebastian Bach;Violin Partita No. 2;EN;Online
2021_04_15_03;Violon;Tedi Papavrami;Johann Sebastian Bach;Violin Partita No. 2 in D Minor;FR;Online
2022_08_05_04_1;Violon;Jean-Marc Phillips;Johann Sebastian Bach;Violin Partita No.2 in D minor, BWV 1004. Final mvt;EN;A post-produire (Olivier)
2023_02_15_06_1;Violon;Alissa MARGULIS;Johann Sebastian BACH;Violin Partita No.3 in E major;Anglais;ÉDITO Hyacinthe
2023_02_16_01_1;Violon;Alissa MARGOULIS;Giuseppe TARTINI;Violin Sonata;Anglais;ÉDITO Hyacinthe
2022_10_29_01_1;Flute;Davide Formisano;César Franck;Violin Sonata;EN;En cours édito (Iris)
2023_02_07_04_01;Violon;Dmitry SITKOVESKY;Franz SCHUBERT;Violin Sonata in A major;Anglais;
2021_02_17_03;Violon;Mihaela Martin;Richard Strauss;Violin Sonata in E-flat Major, Op. 18, 1st movement;EN;Online
2021_02_19_04;Violon;Mihaela Martin;Richard Strauss;Violin Sonata in E-flat Major, Op. 18, 1st movement;EN;Online
2022_04_08_03_1;Alto;Nathan Braude;Johann Sebastian Bach;Violin Sonata in G Major;EN;Online
2023_02_09_01_01;Violon;Dmitry SITKOVETSKY;Giuseppe TARTINI;Violin Sonata in G Minor - The Devil's Trill;Anglais;
2022_02_08_04_1;Violon;György Pauk;Ludwig van Beethoven;Violin Sonata No. 1 in D Major, Op. 12;EN;Online
2021_11_04_04_1;Violoncelle;Anne Gastinel;Johannes Brahms;Violin Sonata No. 1 in G Major, Op. 78, 1st movement;EN;Online
2021_04_15_04;Violon;Tedi Papavrami;Johann Sebastian Bach;Violin Sonata No. 1 in G Minor, Adagio;;Online
2022_04_07_03_1;Violon;Barnabás Kelemen;Sergueï Prokofiev;Violin Sonata No. 1, 3rd movement;EN;Online
2022_02_09_04_1;Violon;György Pauk;Ludwig van Beethoven;Violin Sonata No. 1, Op. 12 in D Major;EN;Online
2022_02_16_01_1;Violon;Augustin Dumay;Ludwig van Beethoven;Violin Sonata No. 10 in G major, Op. 96, 1st movement;EN;Online
2022_02_17_04_1;Violon;Augustin Dumay;Ludwig van Beethoven;Violin Sonata No. 10 in G major, Op. 96, 4th movement;EN;Online
2022_02_17_05_1;Violon;Augustin Dumay;Johannes Brahms;Violin Sonata No. 2 in A major, Op. 100;EN;Online
2021_10_27_06_1;Violon;Fried  Miriam;Eugène Ysaÿe;Violin Sonata No. 2 in A Minor, Op. 27;EN;Online
2020_10_28_5;Violon;Boris Garlitsky;Johann Sebastian Bach;Violin Sonata No. 3 in C major, Adagio and Fugue;EN;Online
2022_02_22_04_1;Violon;Olivier Charlier;Edvard Grieg;Violin Sonata No. 3 in C minor, Op. 45, 1st movement;EN;Online
2022_02_17_06_1;Violon;Augustin Dumay;Johannes Brahms;Violin Sonata No. 3 in D minor, Op. 108;EN;Online
2022_02_08_03_1;Violon;György Pauk;Johannes Brahms;Violin Sonata No. 3 in D minor, Op.108, 2nd, 3rd, 4th movements;EN;Online
2021_10_27_05_1;Violon;Fried  Miriam;Ludwig van Beethoven;Violin Sonata No. 7 in C minor, Op. 30;EN;Online
2021_04_13_04;Violon;Tedi Papavrami;Ludwig van Beethoven;Violin Sonata No. 8;FR;Online
2021_10_29_03_1;Violon;Fried  Miriam;Ludwig van Beethoven;Violin Sonata No. 9 in A Major, Op. 47;EN;Online
2022_10_25_06_1;Violon;Ning Feng;Johann Sebastian Bach;Violin Sonata No.1;EN;Online
2023_02_09_02_01;Violon;Dmitry SITKOVETSKY;Sergey PROKEFIEV;Violin Sonata No.2;Anglais;
2022_02_09_07_1;Violon;György Pauk;Johann Sebastian Bach;Violin Sonata No.2 in A minor, BWV 1003, Grave & Fuga;EN;Online
2023_02_14_03_1;Violon;Alissa MARGULIS;Ludwig van BEETHOVEN;Violin Sonata No.3;Anglais;ÉDITO Hyacinthe
2021_10_27_04_1;Violon;Fried  Miriam;Ludwig van Beethoven;Violin Sonata No.4 in A Minor, Op.23;EN;Online
2021_02_19_02;Violon;Mihaela Martin;Leoš Janáček;Violin Sonata, 1st and 2nd movement;FR;Online
2022_10_27_05_1;Violon;Ning Feng;Johann Sebastian Bach;Violon Sonata No.1 in G minor;EN;Online
2022_08_04_04_1;Piano;Jonas Vitaud;Robert Schumann;Waldszenen, Op.82. - 7. Vogel als Prophet;FR;A post-produire (Olivier)
2022_04_12_04_1;Violon;Gérard Poulet;Eugène Ysaÿe;;FR;Online
2022_04_12_01_1;Violoncelle;Alexander Chaushian;Johann Sebastian Bach;;EN;Online
2022_08_05_01_1;Piano;Isabelle Duha;;;FR;A post-produire (Olivier)
2022_11_02_03_1;Alto;Lars Anders Tomter;Johann Sebastian Bach;;EN;Online
2022_08_04_01_1;Piano;Johan Schmidt;Claude Debussy;;EN;A post-produire (Olivier)
2022_11_02_04_1;Alto;Lars Anders Tomter;Franz Schubert;;EN;Online
2022_04_11_02_1;Violoncelle;Alexander Chaushian;Johann Sebastian Bach;;EN;Online
2022_11_02_01_1;Alto;Lars Anders Tomter;Johannes Brahms;;EN;Online
2022_04_11_01_1;Violoncelle;Alexander Chaushian;Zoltán Kodály;;EN;Online
2022_04_08_05_1;Violon;Barnabás Kelemen;Maurice Ravel;;EN;Online
2023_02_06_01_01;Violon;Dmitry Sitkovesky;Johann Sebastian BACH;;Anglais;
;Violon;Dmitry SITKOVETSKY;;;Français;
2022_04_08_01_1;Alto;Nathan Braude;Béla Bartók;;EN;Online
2022_07_27_01_1;Flute;Julien Beaudiment;Paul Taffanel;;EN;A post-produire (Olivier)
2022_04_07_04_1;Alto;Nathan Braude;Paul Hindemith;;EN;Online
2022_08_03_05_1;Piano;Johan Schmidt;Isaac Albéniz;;FR;A post-produire (Olivier)
2022_11_02_02_1;Alto;Lars Anders Tomter;Franz Schubert;;EN;Online
2022_04_01_ITWA_Chaushian;Violoncelle;Alexander Chaushian;;;;Online
2022_04_01_ITWB_Kelemen;Violon;Barnabás Kelemen;;;EN;Online
ITWL_le_guay;Piano;Claire-Marie Le Guay;;;FR;Problème/ tech issue
2022_11_17_ITWA_Formisano;Flute;Davide Formisano;;;EN;Online
2022_11_17_ITWD_Alexeev;Piano;Dmitri Alexeev;;;EN;Online
2022_04_01_ITWG_Poulet;Violon;Gérard Poulet;;;FR;Online
2022_04_01_ITWG_Pichler;Musique de chambre;Günter Pichler;;;EN;Online
ITWL_Tassy;;Hubert Tassy;;;FR;Problème/ tech issue
2022_11_17_ITWJF_Neuburger;Piano;Jean-Frédéric Neuburger;;;EN;En cours édito (Iris)
2022_11_17_ITWLA_Tomter;Alto;Lars Anders Tomter;;;EN;Online
2022_04_01_ITWN_Braude;Alto;Nathan Braude;;;EN;Online
2022_11_17_ITWN_Goerner;Piano;Nelson Goerner;;;EN;Online
2022_11_17_ITWN_Feng;Violon;Ning Feng;;;EN;Online
ITWL_Vernikov;Violon;Pavel Vernikov;;;FR;Problème/ tech issue
2022_04_01_ITWP_Bernold;Flute;Philippe Bernold;;;FR;Online
ITWL_bernold;Flute;Philippe Bernold;;;FR;Problème/ tech issue
ITW_2023_02_Aleksandar_Madzar;Piano;Aleksandar Madzar;;;;